"Iteration","ExecutionOrder","Mode","Countermeasure","SampleType","Sha256","Seconds","Outcome","ExitCode","TimedOut","ObservationCompleted","ObservationSeconds","ResourceMetricsAvailable","ResourceSampleCount","CpuSeconds","CpuPercentOneCore","CpuPercentTotalCapacity","AverageWorkingSetMB","PeakWorkingSetMB","PeakPrivateMemoryMB","Scenario","ComparisonValid","ComparisonReason","FunctionalStatus","FunctionalAnswer","FunctionalEvidence","PocBaselineOutcome","PocCountermeasureOutcome","PerformanceStatus","PerformanceAnswer","ResourceComparisonValid"
"1","1","baseline","dp","benign","17F1BB08868C363EE23600C2C51A2BB97296ED8251A294293F435862EFBB7E3E","0,113","complete",,"False","False",,"False","0","0","0","0","0","0","0","pin_baseline_1","False","functional-only countermeasure; durations are reported but not used as an effectiveness metric","PASS","Sim. O PoC detectou o Pin no baseline e confirmou a ocultacao com -dp.","baseline: Ocorrências: | Resumo de ocorrências: | pin.exe     : 3 | pinvm.dll   : 0 | pinipc.dll  : 0 | TOMWare.dll : 0 | Alerta: mais de 0 ocorrências de ""pin.exe"" encontradas!; -dp: Ocorrências: | Resumo de ocorrências: | pin.exe     : 0 | pinvm.dll   : 0 | pinipc.dll  : 0 | TOMWare.dll : 0 | OK - nenhuma anomalia","complete","complete","INCONCLUSIVE","Nao foi possivel medir o impacto no desempenho: functional-only countermeasure; durations are reported but not used as an effectiveness metric. Metricas de CPU/memoria indisponiveis ou incompletas.","False"
"1","2","countermeasure","dp","benign","17F1BB08868C363EE23600C2C51A2BB97296ED8251A294293F435862EFBB7E3E","0,112","complete",,"False","False",,"False","0","0","0","0","0","0","0","pin_dp_1","False","functional-only countermeasure; durations are reported but not used as an effectiveness metric","PASS","Sim. O PoC detectou o Pin no baseline e confirmou a ocultacao com -dp.","baseline: Ocorrências: | Resumo de ocorrências: | pin.exe     : 3 | pinvm.dll   : 0 | pinipc.dll  : 0 | TOMWare.dll : 0 | Alerta: mais de 0 ocorrências de ""pin.exe"" encontradas!; -dp: Ocorrências: | Resumo de ocorrências: | pin.exe     : 0 | pinvm.dll   : 0 | pinipc.dll  : 0 | TOMWare.dll : 0 | OK - nenhuma anomalia","complete","complete","INCONCLUSIVE","Nao foi possivel medir o impacto no desempenho: functional-only countermeasure; durations are reported but not used as an effectiveness metric. Metricas de CPU/memoria indisponiveis ou incompletas.","False"
"2","1","countermeasure","dp","benign","17F1BB08868C363EE23600C2C51A2BB97296ED8251A294293F435862EFBB7E3E","0,113","complete",,"False","False",,"False","0","0","0","0","0","0","0","pin_dp_2","False","functional-only countermeasure; durations are reported but not used as an effectiveness metric","PASS","Sim. O PoC detectou o Pin no baseline e confirmou a ocultacao com -dp.","baseline: Ocorrências: | Resumo de ocorrências: | pin.exe     : 3 | pinvm.dll   : 0 | pinipc.dll  : 0 | TOMWare.dll : 0 | Alerta: mais de 0 ocorrências de ""pin.exe"" encontradas!; -dp: Ocorrências: | Resumo de ocorrências: | pin.exe     : 0 | pinvm.dll   : 0 | pinipc.dll  : 0 | TOMWare.dll : 0 | OK - nenhuma anomalia","complete","complete","INCONCLUSIVE","Nao foi possivel medir o impacto no desempenho: functional-only countermeasure; durations are reported but not used as an effectiveness metric. Metricas de CPU/memoria indisponiveis ou incompletas.","False"
"2","2","baseline","dp","benign","17F1BB08868C363EE23600C2C51A2BB97296ED8251A294293F435862EFBB7E3E","0,121","complete",,"False","False",,"False","0","0","0","0","0","0","0","pin_baseline_2","False","functional-only countermeasure; durations are reported but not used as an effectiveness metric","PASS","Sim. O PoC detectou o Pin no baseline e confirmou a ocultacao com -dp.","baseline: Ocorrências: | Resumo de ocorrências: | pin.exe     : 3 | pinvm.dll   : 0 | pinipc.dll  : 0 | TOMWare.dll : 0 | Alerta: mais de 0 ocorrências de ""pin.exe"" encontradas!; -dp: Ocorrências: | Resumo de ocorrências: | pin.exe     : 0 | pinvm.dll   : 0 | pinipc.dll  : 0 | TOMWare.dll : 0 | OK - nenhuma anomalia","complete","complete","INCONCLUSIVE","Nao foi possivel medir o impacto no desempenho: functional-only countermeasure; durations are reported but not used as an effectiveness metric. Metricas de CPU/memoria indisponiveis ou incompletas.","False"
"3","1","baseline","dp","benign","17F1BB08868C363EE23600C2C51A2BB97296ED8251A294293F435862EFBB7E3E","0,229","complete",,"False","False",,"False","0","0","0","0","0","0","0","pin_baseline_3","False","functional-only countermeasure; durations are reported but not used as an effectiveness metric","PASS","Sim. O PoC detectou o Pin no baseline e confirmou a ocultacao com -dp.","baseline: Ocorrências: | Resumo de ocorrências: | pin.exe     : 3 | pinvm.dll   : 0 | pinipc.dll  : 0 | TOMWare.dll : 0 | Alerta: mais de 0 ocorrências de ""pin.exe"" encontradas!; -dp: Ocorrências: | Resumo de ocorrências: | pin.exe     : 0 | pinvm.dll   : 0 | pinipc.dll  : 0 | TOMWare.dll : 0 | OK - nenhuma anomalia","complete","complete","INCONCLUSIVE","Nao foi possivel medir o impacto no desempenho: functional-only countermeasure; durations are reported but not used as an effectiveness metric. Metricas de CPU/memoria indisponiveis ou incompletas.","False"
"3","2","countermeasure","dp","benign","17F1BB08868C363EE23600C2C51A2BB97296ED8251A294293F435862EFBB7E3E","0,11","complete",,"False","False",,"False","0","0","0","0","0","0","0","pin_dp_3","False","functional-only countermeasure; durations are reported but not used as an effectiveness metric","PASS","Sim. O PoC detectou o Pin no baseline e confirmou a ocultacao com -dp.","baseline: Ocorrências: | Resumo de ocorrências: | pin.exe     : 3 | pinvm.dll   : 0 | pinipc.dll  : 0 | TOMWare.dll : 0 | Alerta: mais de 0 ocorrências de ""pin.exe"" encontradas!; -dp: Ocorrências: | Resumo de ocorrências: | pin.exe     : 0 | pinvm.dll   : 0 | pinipc.dll  : 0 | TOMWare.dll : 0 | OK - nenhuma anomalia","complete","complete","INCONCLUSIVE","Nao foi possivel medir o impacto no desempenho: functional-only countermeasure; durations are reported but not used as an effectiveness metric. Metricas de CPU/memoria indisponiveis ou incompletas.","False"
"4","1","countermeasure","dp","benign","17F1BB08868C363EE23600C2C51A2BB97296ED8251A294293F435862EFBB7E3E","0,109","complete",,"False","False",,"False","0","0","0","0","0","0","0","pin_dp_4","False","functional-only countermeasure; durations are reported but not used as an effectiveness metric","PASS","Sim. O PoC detectou o Pin no baseline e confirmou a ocultacao com -dp.","baseline: Ocorrências: | Resumo de ocorrências: | pin.exe     : 3 | pinvm.dll   : 0 | pinipc.dll  : 0 | TOMWare.dll : 0 | Alerta: mais de 0 ocorrências de ""pin.exe"" encontradas!; -dp: Ocorrências: | Resumo de ocorrências: | pin.exe     : 0 | pinvm.dll   : 0 | pinipc.dll  : 0 | TOMWare.dll : 0 | OK - nenhuma anomalia","complete","complete","INCONCLUSIVE","Nao foi possivel medir o impacto no desempenho: functional-only countermeasure; durations are reported but not used as an effectiveness metric. Metricas de CPU/memoria indisponiveis ou incompletas.","False"
"4","2","baseline","dp","benign","17F1BB08868C363EE23600C2C51A2BB97296ED8251A294293F435862EFBB7E3E","0,122","complete",,"False","False",,"False","0","0","0","0","0","0","0","pin_baseline_4","False","functional-only countermeasure; durations are reported but not used as an effectiveness metric","PASS","Sim. O PoC detectou o Pin no baseline e confirmou a ocultacao com -dp.","baseline: Ocorrências: | Resumo de ocorrências: | pin.exe     : 3 | pinvm.dll   : 0 | pinipc.dll  : 0 | TOMWare.dll : 0 | Alerta: mais de 0 ocorrências de ""pin.exe"" encontradas!; -dp: Ocorrências: | Resumo de ocorrências: | pin.exe     : 0 | pinvm.dll   : 0 | pinipc.dll  : 0 | TOMWare.dll : 0 | OK - nenhuma anomalia","complete","complete","INCONCLUSIVE","Nao foi possivel medir o impacto no desempenho: functional-only countermeasure; durations are reported but not used as an effectiveness metric. Metricas de CPU/memoria indisponiveis ou incompletas.","False"
"5","1","baseline","dp","benign","17F1BB08868C363EE23600C2C51A2BB97296ED8251A294293F435862EFBB7E3E","0,113","complete",,"False","False",,"False","0","0","0","0","0","0","0","pin_baseline_5","False","functional-only countermeasure; durations are reported but not used as an effectiveness metric","PASS","Sim. O PoC detectou o Pin no baseline e confirmou a ocultacao com -dp.","baseline: Ocorrências: | Resumo de ocorrências: | pin.exe     : 3 | pinvm.dll   : 0 | pinipc.dll  : 0 | TOMWare.dll : 0 | Alerta: mais de 0 ocorrências de ""pin.exe"" encontradas!; -dp: Ocorrências: | Resumo de ocorrências: | pin.exe     : 0 | pinvm.dll   : 0 | pinipc.dll  : 0 | TOMWare.dll : 0 | OK - nenhuma anomalia","complete","complete","INCONCLUSIVE","Nao foi possivel medir o impacto no desempenho: functional-only countermeasure; durations are reported but not used as an effectiveness metric. Metricas de CPU/memoria indisponiveis ou incompletas.","False"
"5","2","countermeasure","dp","benign","17F1BB08868C363EE23600C2C51A2BB97296ED8251A294293F435862EFBB7E3E","0,12","complete",,"False","False",,"False","0","0","0","0","0","0","0","pin_dp_5","False","functional-only countermeasure; durations are reported but not used as an effectiveness metric","PASS","Sim. O PoC detectou o Pin no baseline e confirmou a ocultacao com -dp.","baseline: Ocorrências: | Resumo de ocorrências: | pin.exe     : 3 | pinvm.dll   : 0 | pinipc.dll  : 0 | TOMWare.dll : 0 | Alerta: mais de 0 ocorrências de ""pin.exe"" encontradas!; -dp: Ocorrências: | Resumo de ocorrências: | pin.exe     : 0 | pinvm.dll   : 0 | pinipc.dll  : 0 | TOMWare.dll : 0 | OK - nenhuma anomalia","complete","complete","INCONCLUSIVE","Nao foi possivel medir o impacto no desempenho: functional-only countermeasure; durations are reported but not used as an effectiveness metric. Metricas de CPU/memoria indisponiveis ou incompletas.","False"
"6","1","countermeasure","dp","benign","17F1BB08868C363EE23600C2C51A2BB97296ED8251A294293F435862EFBB7E3E","0,134","complete",,"False","False",,"False","0","0","0","0","0","0","0","pin_dp_6","False","functional-only countermeasure; durations are reported but not used as an effectiveness metric","PASS","Sim. O PoC detectou o Pin no baseline e confirmou a ocultacao com -dp.","baseline: Ocorrências: | Resumo de ocorrências: | pin.exe     : 3 | pinvm.dll   : 0 | pinipc.dll  : 0 | TOMWare.dll : 0 | Alerta: mais de 0 ocorrências de ""pin.exe"" encontradas!; -dp: Ocorrências: | Resumo de ocorrências: | pin.exe     : 0 | pinvm.dll   : 0 | pinipc.dll  : 0 | TOMWare.dll : 0 | OK - nenhuma anomalia","complete","complete","INCONCLUSIVE","Nao foi possivel medir o impacto no desempenho: functional-only countermeasure; durations are reported but not used as an effectiveness metric. Metricas de CPU/memoria indisponiveis ou incompletas.","False"
"6","2","baseline","dp","benign","17F1BB08868C363EE23600C2C51A2BB97296ED8251A294293F435862EFBB7E3E","0,229","complete",,"False","False",,"False","0","0","0","0","0","0","0","pin_baseline_6","False","functional-only countermeasure; durations are reported but not used as an effectiveness metric","PASS","Sim. O PoC detectou o Pin no baseline e confirmou a ocultacao com -dp.","baseline: Ocorrências: | Resumo de ocorrências: | pin.exe     : 3 | pinvm.dll   : 0 | pinipc.dll  : 0 | TOMWare.dll : 0 | Alerta: mais de 0 ocorrências de ""pin.exe"" encontradas!; -dp: Ocorrências: | Resumo de ocorrências: | pin.exe     : 0 | pinvm.dll   : 0 | pinipc.dll  : 0 | TOMWare.dll : 0 | OK - nenhuma anomalia","complete","complete","INCONCLUSIVE","Nao foi possivel medir o impacto no desempenho: functional-only countermeasure; durations are reported but not used as an effectiveness metric. Metricas de CPU/memoria indisponiveis ou incompletas.","False"
"7","1","baseline","dp","benign","17F1BB08868C363EE23600C2C51A2BB97296ED8251A294293F435862EFBB7E3E","0,143","complete",,"False","False",,"False","0","0","0","0","0","0","0","pin_baseline_7","False","functional-only countermeasure; durations are reported but not used as an effectiveness metric","PASS","Sim. O PoC detectou o Pin no baseline e confirmou a ocultacao com -dp.","baseline: Ocorrências: | Resumo de ocorrências: | pin.exe     : 3 | pinvm.dll   : 0 | pinipc.dll  : 0 | TOMWare.dll : 0 | Alerta: mais de 0 ocorrências de ""pin.exe"" encontradas!; -dp: Ocorrências: | Resumo de ocorrências: | pin.exe     : 0 | pinvm.dll   : 0 | pinipc.dll  : 0 | TOMWare.dll : 0 | OK - nenhuma anomalia","complete","complete","INCONCLUSIVE","Nao foi possivel medir o impacto no desempenho: functional-only countermeasure; durations are reported but not used as an effectiveness metric. Metricas de CPU/memoria indisponiveis ou incompletas.","False"
"7","2","countermeasure","dp","benign","17F1BB08868C363EE23600C2C51A2BB97296ED8251A294293F435862EFBB7E3E","0,139","complete",,"False","False",,"False","0","0","0","0","0","0","0","pin_dp_7","False","functional-only countermeasure; durations are reported but not used as an effectiveness metric","PASS","Sim. O PoC detectou o Pin no baseline e confirmou a ocultacao com -dp.","baseline: Ocorrências: | Resumo de ocorrências: | pin.exe     : 3 | pinvm.dll   : 0 | pinipc.dll  : 0 | TOMWare.dll : 0 | Alerta: mais de 0 ocorrências de ""pin.exe"" encontradas!; -dp: Ocorrências: | Resumo de ocorrências: | pin.exe     : 0 | pinvm.dll   : 0 | pinipc.dll  : 0 | TOMWare.dll : 0 | OK - nenhuma anomalia","complete","complete","INCONCLUSIVE","Nao foi possivel medir o impacto no desempenho: functional-only countermeasure; durations are reported but not used as an effectiveness metric. Metricas de CPU/memoria indisponiveis ou incompletas.","False"
"8","1","countermeasure","dp","benign","17F1BB08868C363EE23600C2C51A2BB97296ED8251A294293F435862EFBB7E3E","0,135","complete",,"False","False",,"False","0","0","0","0","0","0","0","pin_dp_8","False","functional-only countermeasure; durations are reported but not used as an effectiveness metric","PASS","Sim. O PoC detectou o Pin no baseline e confirmou a ocultacao com -dp.","baseline: Ocorrências: | Resumo de ocorrências: | pin.exe     : 3 | pinvm.dll   : 0 | pinipc.dll  : 0 | TOMWare.dll : 0 | Alerta: mais de 0 ocorrências de ""pin.exe"" encontradas!; -dp: Ocorrências: | Resumo de ocorrências: | pin.exe     : 0 | pinvm.dll   : 0 | pinipc.dll  : 0 | TOMWare.dll : 0 | OK - nenhuma anomalia","complete","complete","INCONCLUSIVE","Nao foi possivel medir o impacto no desempenho: functional-only countermeasure; durations are reported but not used as an effectiveness metric. Metricas de CPU/memoria indisponiveis ou incompletas.","False"
"8","2","baseline","dp","benign","17F1BB08868C363EE23600C2C51A2BB97296ED8251A294293F435862EFBB7E3E","0,114","complete",,"False","False",,"False","0","0","0","0","0","0","0","pin_baseline_8","False","functional-only countermeasure; durations are reported but not used as an effectiveness metric","PASS","Sim. O PoC detectou o Pin no baseline e confirmou a ocultacao com -dp.","baseline: Ocorrências: | Resumo de ocorrências: | pin.exe     : 3 | pinvm.dll   : 0 | pinipc.dll  : 0 | TOMWare.dll : 0 | Alerta: mais de 0 ocorrências de ""pin.exe"" encontradas!; -dp: Ocorrências: | Resumo de ocorrências: | pin.exe     : 0 | pinvm.dll   : 0 | pinipc.dll  : 0 | TOMWare.dll : 0 | OK - nenhuma anomalia","complete","complete","INCONCLUSIVE","Nao foi possivel medir o impacto no desempenho: functional-only countermeasure; durations are reported but not used as an effectiveness metric. Metricas de CPU/memoria indisponiveis ou incompletas.","False"
"9","1","baseline","dp","benign","17F1BB08868C363EE23600C2C51A2BB97296ED8251A294293F435862EFBB7E3E","0,111","complete",,"False","False",,"False","0","0","0","0","0","0","0","pin_baseline_9","False","functional-only countermeasure; durations are reported but not used as an effectiveness metric","PASS","Sim. O PoC detectou o Pin no baseline e confirmou a ocultacao com -dp.","baseline: Ocorrências: | Resumo de ocorrências: | pin.exe     : 3 | pinvm.dll   : 0 | pinipc.dll  : 0 | TOMWare.dll : 0 | Alerta: mais de 0 ocorrências de ""pin.exe"" encontradas!; -dp: Ocorrências: | Resumo de ocorrências: | pin.exe     : 0 | pinvm.dll   : 0 | pinipc.dll  : 0 | TOMWare.dll : 0 | OK - nenhuma anomalia","complete","complete","INCONCLUSIVE","Nao foi possivel medir o impacto no desempenho: functional-only countermeasure; durations are reported but not used as an effectiveness metric. Metricas de CPU/memoria indisponiveis ou incompletas.","False"
"9","2","countermeasure","dp","benign","17F1BB08868C363EE23600C2C51A2BB97296ED8251A294293F435862EFBB7E3E","0,116","complete",,"False","False",,"False","0","0","0","0","0","0","0","pin_dp_9","False","functional-only countermeasure; durations are reported but not used as an effectiveness metric","PASS","Sim. O PoC detectou o Pin no baseline e confirmou a ocultacao com -dp.","baseline: Ocorrências: | Resumo de ocorrências: | pin.exe     : 3 | pinvm.dll   : 0 | pinipc.dll  : 0 | TOMWare.dll : 0 | Alerta: mais de 0 ocorrências de ""pin.exe"" encontradas!; -dp: Ocorrências: | Resumo de ocorrências: | pin.exe     : 0 | pinvm.dll   : 0 | pinipc.dll  : 0 | TOMWare.dll : 0 | OK - nenhuma anomalia","complete","complete","INCONCLUSIVE","Nao foi possivel medir o impacto no desempenho: functional-only countermeasure; durations are reported but not used as an effectiveness metric. Metricas de CPU/memoria indisponiveis ou incompletas.","False"
"10","1","countermeasure","dp","benign","17F1BB08868C363EE23600C2C51A2BB97296ED8251A294293F435862EFBB7E3E","0,127","complete",,"False","False",,"False","0","0","0","0","0","0","0","pin_dp_10","False","functional-only countermeasure; durations are reported but not used as an effectiveness metric","PASS","Sim. O PoC detectou o Pin no baseline e confirmou a ocultacao com -dp.","baseline: Ocorrências: | Resumo de ocorrências: | pin.exe     : 3 | pinvm.dll   : 0 | pinipc.dll  : 0 | TOMWare.dll : 0 | Alerta: mais de 0 ocorrências de ""pin.exe"" encontradas!; -dp: Ocorrências: | Resumo de ocorrências: | pin.exe     : 0 | pinvm.dll   : 0 | pinipc.dll  : 0 | TOMWare.dll : 0 | OK - nenhuma anomalia","complete","complete","INCONCLUSIVE","Nao foi possivel medir o impacto no desempenho: functional-only countermeasure; durations are reported but not used as an effectiveness metric. Metricas de CPU/memoria indisponiveis ou incompletas.","False"
"10","2","baseline","dp","benign","17F1BB08868C363EE23600C2C51A2BB97296ED8251A294293F435862EFBB7E3E","0,216","complete",,"False","False",,"False","0","0","0","0","0","0","0","pin_baseline_10","False","functional-only countermeasure; durations are reported but not used as an effectiveness metric","PASS","Sim. O PoC detectou o Pin no baseline e confirmou a ocultacao com -dp.","baseline: Ocorrências: | Resumo de ocorrências: | pin.exe     : 3 | pinvm.dll   : 0 | pinipc.dll  : 0 | TOMWare.dll : 0 | Alerta: mais de 0 ocorrências de ""pin.exe"" encontradas!; -dp: Ocorrências: | Resumo de ocorrências: | pin.exe     : 0 | pinvm.dll   : 0 | pinipc.dll  : 0 | TOMWare.dll : 0 | OK - nenhuma anomalia","complete","complete","INCONCLUSIVE","Nao foi possivel medir o impacto no desempenho: functional-only countermeasure; durations are reported but not used as an effectiveness metric. Metricas de CPU/memoria indisponiveis ou incompletas.","False"
