"SampleIndex";"Sha256";"ShaShort";"Countermeasure";"Profile";"SampleOutcome";"FunctionalStatus";"FunctionalAnswer";"FunctionalEvidence";"BaselineDetectedPin";"CountermeasureMaskedPin";"PerformanceStatus";"RuntimeComparisonValid";"ResourceComparisonValid";"BaselineMedianSeconds";"CountermeasureMedianSeconds";"MedianDeltaSeconds";"MedianChangePercent";"BaselineMedianCpuSeconds";"CountermeasureMedianCpuSeconds";"MedianCpuChangePercent";"BaselineMedianPeakWorkingSetMB";"CountermeasureMedianPeakWorkingSetMB";"MedianPeakWorkingSetChangePercent";"DoReportAttempts";"SourceJson";"GeneratedAt"
"1";"1128D0B41456073E0B22E328CE4A89D0877F7D18147DF6B339A4CCE758A1DAAB";"1128D0B4";"DE";"persistent";"observed";"PASS";"Sim. O PoC detectou o Pin no baseline e confirmou a ocultacao com -de.";"baseline: ""PIN_CRT_TZDATA=C:\TOMWare\pin/extras/crt/tzdata"" | ""PIN_CRT_TZDATA=C:\TOMWare\pin/extras/crt/tzdata"" (_dupenv_s) | Ocorrências: | Resumo de ocorrências: | PIN_APP_LD_LIBRARY_PATH : 0 | PIN_CRT_TZDATA          ...";"True";"True";"VALID";"False";"True";"10,17";"10,161";;;"9,438";"8,696";"-5,681";"521,572";"521,35";"-0,003";;"benchmark-benign-de-1128D0B4-20260722-133245.json";"2026-07-22T13:32:45.6056989-04:00"
"1";"1128D0B41456073E0B22E328CE4A89D0877F7D18147DF6B339A4CCE758A1DAAB";"1128D0B4";"DM";"persistent";"observed";"PASS";"Sim. O PoC detectou o Pin no baseline e confirmou a ocultacao com -dm.";"PIN_: baseline=212, -dm=0; pin.exe: baseline=11, -dm=0; pinvm.dll: baseline=14, -dm=0; pinipc.dll: baseline=18, -dm=0";"True";"True";"VALID";"False";"True";"10,155";"10,158";;;"8,86";"8,954";"0,262";"521,532";"520,898";"-0,111";;"benchmark-benign-dm-1128D0B4-20260722-133718.json";"2026-07-22T13:37:19.1212260-04:00"
"1";"1128D0B41456073E0B22E328CE4A89D0877F7D18147DF6B339A4CCE758A1DAAB";"1128D0B4";"DO";"persistent";"observed";"PASS";"Sim. O PoC detectou o Pin no baseline e confirmou a ocultacao com -do.";"baseline: Sleep invocado | Ticks + Latencia: 3185.98, Limite: 3000 | *** Overhead anomalo / possivel DBI ***; -do: Sleep invocado | Ticks + Latencia: 2159.87, Limite: 3000 | OK - nenhuma anomalia";"True";"True";"VALID";"False";"True";"10,142";"10,163";;;"8,633";"4,765";"-44,414";"521,496";"66,532";"-87,241";"1";"benchmark-benign-do-1128D0B4-20260722-134222.json";"2026-07-22T13:42:22.4491993-04:00"
"1";"1128D0B41456073E0B22E328CE4A89D0877F7D18147DF6B339A4CCE758A1DAAB";"1128D0B4";"DD";"persistent";"observed";"PASS";"Sim. O PoC detectou o Pin no baseline e confirmou a ocultacao com -dd.";"baseline: ""PEB.NtGlobalFlag"" | Ocorrências: | Resumo de ocorrências: | IsDebuggerPresent          : 1 | CheckRemoteDebuggerPresent : 0 | ProcessDebugPort           : 0 | ProcessDebugObjectHandle   : 0 | PEB.BeingDebugged...";"True";"True";"VALID";"False";"True";"10,142";"10,151";;;"9,312";"8,68";"-5,751";"521,281";"521,588";"0,04";;"benchmark-benign-dd-1128D0B4-20260722-134603.json";"2026-07-22T13:46:04.1368541-04:00"
"1";"1128D0B41456073E0B22E328CE4A89D0877F7D18147DF6B339A4CCE758A1DAAB";"1128D0B4";"DP";"persistent";"observed";"PASS";"Sim. O PoC detectou o Pin no baseline e confirmou a ocultacao com -dp.";"baseline: Ocorrências: | Resumo de ocorrências: | pin.exe     : 3 | pinvm.dll   : 0 | pinipc.dll  : 0 | TOMWare.dll : 0 | Alerta: mais de 0 ocorrências de ""pin.exe"" encontradas!; -dp: Ocorrências: | Resumo de ocorrências...";"True";"True";"VALID";"False";"True";"10,136";"10,165";;;"9";"9,578";"6,808";"521,701";"464,207";"-11,049";;"benchmark-benign-dp-1128D0B4-20260722-134947.json";"2026-07-22T13:49:47.3714036-04:00"
"2";"16B45C2C51D45CA4AE42B4251430113100142A5898F9B22D059F03456963BC2D";"16B45C2C";"DE";"persistent";"observed";"PASS";"Sim. O PoC detectou o Pin no baseline e confirmou a ocultacao com -de.";"baseline: ""PIN_CRT_TZDATA=C:\TOMWare\pin/extras/crt/tzdata"" | ""PIN_CRT_TZDATA=C:\TOMWare\pin/extras/crt/tzdata"" (_dupenv_s) | Ocorrências: | Resumo de ocorrências: | PIN_APP_LD_LIBRARY_PATH : 0 | PIN_CRT_TZDATA          ...";"True";"True";"VALID";"False";"True";"10,15";"10,15";;;"10,18";"10,226";"0,766";"485,894";"494,062";"1,203";;"benchmark-benign-de-16B45C2C-20260722-113043.json";"2026-07-22T11:30:43.7330740-04:00"
"2";"16B45C2C51D45CA4AE42B4251430113100142A5898F9B22D059F03456963BC2D";"16B45C2C";"DM";"persistent";"observed";"PASS";"Sim. O PoC detectou o Pin no baseline e confirmou a ocultacao com -dm.";"PIN_: baseline=212, -dm=0; pin.exe: baseline=11, -dm=0; pinvm.dll: baseline=14, -dm=0; pinipc.dll: baseline=18, -dm=0";"True";"True";"VALID";"False";"True";"10,133";"10,136";;;"10,148";"10,18";"0,236";"509,688";"505,386";"-1,303";;"benchmark-benign-dm-16B45C2C-20260722-113517.json";"2026-07-22T11:35:17.5610999-04:00"
"2";"16B45C2C51D45CA4AE42B4251430113100142A5898F9B22D059F03456963BC2D";"16B45C2C";"DO";"persistent";"observed";"PASS";"Sim. O PoC detectou o Pin no baseline e confirmou a ocultacao com -do.";"baseline: Sleep invocado | Ticks + Latencia: 3614.78, Limite: 3000 | *** Overhead anomalo / possivel DBI ***; -do: Sleep invocado | Ticks + Latencia: 2080.83, Limite: 3000 | OK - nenhuma anomalia";"True";"True";"VALID";"False";"True";"10,131";"10,127";;;"10,118";"6,188";"-38,534";"487,768";"66,416";"-86,281";"1";"benchmark-benign-do-16B45C2C-20260722-114012.json";"2026-07-22T11:40:12.5453291-04:00"
"2";"16B45C2C51D45CA4AE42B4251430113100142A5898F9B22D059F03456963BC2D";"16B45C2C";"DD";"persistent";"observed";"PASS";"Sim. O PoC detectou o Pin no baseline e confirmou a ocultacao com -dd.";"baseline: ""PEB.NtGlobalFlag"" | Ocorrências: | Resumo de ocorrências: | IsDebuggerPresent          : 1 | CheckRemoteDebuggerPresent : 0 | ProcessDebugPort           : 0 | ProcessDebugObjectHandle   : 0 | PEB.BeingDebugged...";"True";"True";"VALID";"False";"True";"10,122";"10,118";;;"10,156";"10,172";"0,152";"499,98";"503,574";"-0,38";;"benchmark-benign-dd-16B45C2C-20260722-114351.json";"2026-07-22T11:43:51.5769432-04:00"
"2";"16B45C2C51D45CA4AE42B4251430113100142A5898F9B22D059F03456963BC2D";"16B45C2C";"DP";"persistent";"observed";"PASS";"Sim. O PoC detectou o Pin no baseline e confirmou a ocultacao com -dp.";"baseline: Ocorrências: | Resumo de ocorrências: | pin.exe     : 3 | pinvm.dll   : 0 | pinipc.dll  : 0 | TOMWare.dll : 0 | Alerta: mais de 0 ocorrências de ""pin.exe"" encontradas!; -dp: Ocorrências: | Resumo de ocorrências...";"True";"True";"VALID";"False";"True";"10,135";"10,142";;;"10,172";"9,367";"-8,386";"508,967";"428,2";"-15,948";;"benchmark-benign-dp-16B45C2C-20260722-114732.json";"2026-07-22T11:47:32.8891415-04:00"
"3";"17F1BB08868C363EE23600C2C51A2BB97296ED8251A294293F435862EFBB7E3E";"17F1BB08";"DE";"short-lived";"complete";"PASS";"Sim. O PoC detectou o Pin no baseline e confirmou a ocultacao com -de.";"baseline: ""PIN_CRT_TZDATA=C:\TOMWare\pin/extras/crt/tzdata"" | ""PIN_CRT_TZDATA=C:\TOMWare\pin/extras/crt/tzdata"" (_dupenv_s) | Ocorrências: | Resumo de ocorrências: | PIN_APP_LD_LIBRARY_PATH : 0 | PIN_CRT_TZDATA          ...";"True";"True";"VALID";"True";"False";"0,175";"0,176";"-0,013";"-8,36";;;;;;;;"benchmark-benign-de-17F1BB08-20260722-120802.json";"2026-07-22T12:08:03.0511199-04:00"
"3";"17F1BB08868C363EE23600C2C51A2BB97296ED8251A294293F435862EFBB7E3E";"17F1BB08";"DM";"short-lived";"complete";"PASS";"Sim. O PoC detectou o Pin no baseline e confirmou a ocultacao com -dm.";"PIN_: baseline=212, -dm=0; pin.exe: baseline=11, -dm=0; pinvm.dll: baseline=14, -dm=0; pinipc.dll: baseline=18, -dm=0";"True";"True";"VALID";"True";"False";"0,12";"0,113";"-0,007";"-5,387";;;;;;;;"benchmark-benign-dm-17F1BB08-20260722-120910.json";"2026-07-22T12:09:10.3950069-04:00"
"3";"17F1BB08868C363EE23600C2C51A2BB97296ED8251A294293F435862EFBB7E3E";"17F1BB08";"DO";"short-lived";"complete";"PASS";"Sim. O PoC detectou o Pin no baseline e confirmou a ocultacao com -do.";"baseline: Sleep invocado | Ticks + Latencia: 3548.79, Limite: 3000 | *** Overhead anomalo / possivel DBI ***; -do: Sleep invocado | Ticks + Latencia: 2109.89, Limite: 3000 | OK - nenhuma anomalia";"True";"True";"VALID";"True";"False";"0,11";"0,114";"0,003";"2,84";;;;;;;"2";"benchmark-benign-do-17F1BB08-20260722-121442.json";"2026-07-22T12:14:42.9106145-04:00"
"3";"17F1BB08868C363EE23600C2C51A2BB97296ED8251A294293F435862EFBB7E3E";"17F1BB08";"DD";"short-lived";"complete";"PASS";"Sim. O PoC detectou o Pin no baseline e confirmou a ocultacao com -dd.";"baseline: ""PEB.NtGlobalFlag"" | Ocorrências: | Resumo de ocorrências: | IsDebuggerPresent          : 1 | CheckRemoteDebuggerPresent : 0 | ProcessDebugPort           : 0 | ProcessDebugObjectHandle   : 0 | PEB.BeingDebugged...";"True";"True";"VALID";"True";"False";"0,117";"0,12";"0,005";"4,205";;;;;;;;"benchmark-benign-dd-17F1BB08-20260722-121051.json";"2026-07-22T12:10:52.1291790-04:00"
"3";"17F1BB08868C363EE23600C2C51A2BB97296ED8251A294293F435862EFBB7E3E";"17F1BB08";"DP";"short-lived";"complete";"PASS";"Sim. O PoC detectou o Pin no baseline e confirmou a ocultacao com -dp.";"baseline: Ocorrências: | Resumo de ocorrências: | pin.exe     : 3 | pinvm.dll   : 0 | pinipc.dll  : 0 | TOMWare.dll : 0 | Alerta: mais de 0 ocorrências de ""pin.exe"" encontradas!; -dp: Ocorrências: | Resumo de ocorrências...";"True";"True";"INCONCLUSIVE";"False";"False";"0,122";"0,118";;;;;;;;;;"benchmark-benign-dp-17F1BB08-20260722-121103.json";"2026-07-22T12:11:04.0039934-04:00"
"4";"38A1D8F77A9D0CC4FF783583B6401CE59E8EF3DC07ED875FCA712CE81FE496BF";"38A1D8F7";"DE";"short-lived";"complete";"PASS";"Sim. O PoC detectou o Pin no baseline e confirmou a ocultacao com -de.";"baseline: ""PIN_CRT_TZDATA=C:\TOMWare\pin/extras/crt/tzdata"" | ""PIN_CRT_TZDATA=C:\TOMWare\pin/extras/crt/tzdata"" (_dupenv_s) | Ocorrências: | Resumo de ocorrências: | PIN_APP_LD_LIBRARY_PATH : 0 | PIN_CRT_TZDATA          ...";"True";"True";"VALID";"True";"False";"0,13";"0,126";"-0,004";"-2,843";;;;;;;;"benchmark-benign-de-38A1D8F7-20260722-122023.json";"2026-07-22T12:20:23.7372918-04:00"
"4";"38A1D8F77A9D0CC4FF783583B6401CE59E8EF3DC07ED875FCA712CE81FE496BF";"38A1D8F7";"DM";"short-lived";"complete";"PASS";"Sim. O PoC detectou o Pin no baseline e confirmou a ocultacao com -dm.";"PIN_: baseline=212, -dm=0; pin.exe: baseline=11, -dm=0; pinvm.dll: baseline=14, -dm=0; pinipc.dll: baseline=18, -dm=0";"True";"True";"VALID";"True";"False";"0,106";"0,102";"-0,001";"-0,457";;;;;;;;"benchmark-benign-dm-38A1D8F7-20260722-122121.json";"2026-07-22T12:21:21.8622107-04:00"
"4";"38A1D8F77A9D0CC4FF783583B6401CE59E8EF3DC07ED875FCA712CE81FE496BF";"38A1D8F7";"DO";"short-lived";"complete";"PASS";"Sim. O PoC detectou o Pin no baseline e confirmou a ocultacao com -do.";"baseline: Sleep invocado | Ticks + Latencia: 3364.08, Limite: 3000 | *** Overhead anomalo / possivel DBI ***; -do: Sleep invocado | Ticks + Latencia: 2126.78, Limite: 3000 | OK - nenhuma anomalia";"True";"True";"VALID";"True";"False";"0,11";"0,109";"0";"0,004";;;;;;;"1";"benchmark-benign-do-38A1D8F7-20260722-122240.json";"2026-07-22T12:22:40.1591769-04:00"
"4";"38A1D8F77A9D0CC4FF783583B6401CE59E8EF3DC07ED875FCA712CE81FE496BF";"38A1D8F7";"DD";"short-lived";"complete";"PASS";"Sim. O PoC detectou o Pin no baseline e confirmou a ocultacao com -dd.";"baseline: ""PEB.NtGlobalFlag"" | Ocorrências: | Resumo de ocorrências: | IsDebuggerPresent          : 1 | CheckRemoteDebuggerPresent : 0 | ProcessDebugPort           : 0 | ProcessDebugObjectHandle   : 0 | PEB.BeingDebugged...";"True";"True";"VALID";"True";"False";"0,115";"0,107";"0";"-0,028";;;;;;;;"benchmark-benign-dd-38A1D8F7-20260722-122248.json";"2026-07-22T12:22:48.9400653-04:00"
"4";"38A1D8F77A9D0CC4FF783583B6401CE59E8EF3DC07ED875FCA712CE81FE496BF";"38A1D8F7";"DP";"short-lived";"complete";"PASS";"Sim. O PoC detectou o Pin no baseline e confirmou a ocultacao com -dp.";"baseline: Ocorrências: | Resumo de ocorrências: | pin.exe     : 3 | pinvm.dll   : 0 | pinipc.dll  : 0 | TOMWare.dll : 0 | Alerta: mais de 0 ocorrências de ""pin.exe"" encontradas!; -dp: Ocorrências: | Resumo de ocorrências...";"True";"True";"INCONCLUSIVE";"False";"False";"0,106";"0,112";;;;;;;;;;"benchmark-benign-dp-38A1D8F7-20260722-122300.json";"2026-07-22T12:23:00.1746649-04:00"
"5";"445E672DB08239BA38527A27208DD104D2889CD29A68DC65DC0676F3252ED347";"445E672D";"DE";"persistent";"observed";"PASS";"Sim. O PoC detectou o Pin no baseline e confirmou a ocultacao com -de.";"baseline: ""PIN_CRT_TZDATA=C:\TOMWare\pin/extras/crt/tzdata"" | ""PIN_CRT_TZDATA=C:\TOMWare\pin/extras/crt/tzdata"" (_dupenv_s) | Ocorrências: | Resumo de ocorrências: | PIN_APP_LD_LIBRARY_PATH : 0 | PIN_CRT_TZDATA          ...";"True";"True";"VALID";"False";"True";"10,196";"10,178";;;"10,172";"10,203";"0,685";"410,72";"430,714";"6,332";;"benchmark-benign-de-445E672D-20260722-125614.json";"2026-07-22T12:56:14.3578845-04:00"
"5";"445E672DB08239BA38527A27208DD104D2889CD29A68DC65DC0676F3252ED347";"445E672D";"DM";"persistent";"observed";"PASS";"Sim. O PoC detectou o Pin no baseline e confirmou a ocultacao com -dm.";"PIN_: baseline=212, -dm=0; pin.exe: baseline=11, -dm=0; pinvm.dll: baseline=14, -dm=0; pinipc.dll: baseline=18, -dm=0";"True";"True";"VALID";"False";"True";"10,157";"10,157";;;"10,211";"10,211";"0";"447,272";"454,234";"-1,952";;"benchmark-benign-dm-445E672D-20260722-130056.json";"2026-07-22T13:00:56.3889902-04:00"
"5";"445E672DB08239BA38527A27208DD104D2889CD29A68DC65DC0676F3252ED347";"445E672D";"DO";"persistent";"observed";"PASS";"Sim. O PoC detectou o Pin no baseline e confirmou a ocultacao com -do.";"baseline: Sleep invocado | Ticks + Latencia: 3133.03, Limite: 3000 | *** Overhead anomalo / possivel DBI ***; -do: Sleep invocado | Ticks + Latencia: 2117.82, Limite: 3000 | OK - nenhuma anomalia";"True";"True";"VALID";"False";"True";"10,152";"10,182";;;"10,211";"8,242";"-18,915";"502,385";"66,638";"-86,741";"2";"benchmark-benign-do-445E672D-20260722-132306.json";"2026-07-22T13:23:07.1483189-04:00"
"5";"445E672DB08239BA38527A27208DD104D2889CD29A68DC65DC0676F3252ED347";"445E672D";"DD";"persistent";"observed";"PASS";"Sim. O PoC detectou o Pin no baseline e confirmou a ocultacao com -dd.";"baseline: ""PEB.NtGlobalFlag"" | Ocorrências: | Resumo de ocorrências: | IsDebuggerPresent          : 1 | CheckRemoteDebuggerPresent : 0 | ProcessDebugPort           : 0 | ProcessDebugObjectHandle   : 0 | PEB.BeingDebugged...";"True";"True";"VALID";"False";"True";"10,156";"10,148";;;"10,172";"10,133";"-0,694";"475,242";"481,39";"-0,684";;"benchmark-benign-dd-445E672D-20260722-131003.json";"2026-07-22T13:10:03.8202293-04:00"
"5";"445E672DB08239BA38527A27208DD104D2889CD29A68DC65DC0676F3252ED347";"445E672D";"DP";"persistent";"observed";"PASS";"Sim. O PoC detectou o Pin no baseline e confirmou a ocultacao com -dp.";"baseline: Ocorrências: | Resumo de ocorrências: | pin.exe     : 3 | pinvm.dll   : 0 | pinipc.dll  : 0 | TOMWare.dll : 0 | Alerta: mais de 0 ocorrências de ""pin.exe"" encontradas!; -dp: Ocorrências: | Resumo de ocorrências...";"True";"True";"VALID";"False";"True";"10,146";"10,178";;;"10,234";"9,312";"-8,799";"507,516";"420,83";"-16,184";;"benchmark-benign-dp-445E672D-20260722-131346.json";"2026-07-22T13:13:46.5703965-04:00"
"6";"4D6937E8D7D58CD1D9224A11E48549A08505836EFABD6FED17A67D42466265BB";"4D6937E8";"DE";"persistent";"observed";"PASS";"Sim. O PoC detectou o Pin no baseline e confirmou a ocultacao com -de.";"baseline: ""PIN_CRT_TZDATA=C:\TOMWare\pin/extras/crt/tzdata"" | ""PIN_CRT_TZDATA=C:\TOMWare\pin/extras/crt/tzdata"" (_dupenv_s) | Ocorrências: | Resumo de ocorrências: | PIN_APP_LD_LIBRARY_PATH : 0 | PIN_CRT_TZDATA          ...";"True";"True";"VALID";"False";"True";"10,168";"10,174";;;"10,102";"10,094";"0,153";"502,596";"500,638";"-4,032";;"benchmark-benign-de-4D6937E8-20260722-095457.json";"2026-07-22T09:54:57.2403048-04:00"
"6";"4D6937E8D7D58CD1D9224A11E48549A08505836EFABD6FED17A67D42466265BB";"4D6937E8";"DM";"persistent";"observed";"PASS";"Sim. O PoC detectou o Pin no baseline e confirmou a ocultacao com -dm.";"PIN_: baseline=212, -dm=0; pin.exe: baseline=11, -dm=0; pinvm.dll: baseline=14, -dm=0; pinipc.dll: baseline=18, -dm=0";"True";"True";"VALID";"False";"True";"10,136";"10,134";;;"10,07";"10,086";"-0,153";"668,454";"669,832";"0,02";;"benchmark-benign-dm-4D6937E8-20260722-095930.json";"2026-07-22T09:59:31.0681946-04:00"
"6";"4D6937E8D7D58CD1D9224A11E48549A08505836EFABD6FED17A67D42466265BB";"4D6937E8";"DO";"persistent";"observed";"PASS";"Sim. O PoC detectou o Pin no baseline e confirmou a ocultacao com -do.";"baseline: Sleep invocado | Ticks + Latencia: 3345.14, Limite: 3000 | *** Overhead anomalo / possivel DBI ***; -do: Sleep invocado | Ticks + Latencia: 2061.7, Limite: 3000 | OK - nenhuma anomalia";"True";"True";"VALID";"False";"True";"10,116";"10,138";;;"10,086";"6,226";"-38,277";"680,666";"69,006";"-88,296";"1";"benchmark-benign-do-4D6937E8-20260722-100413.json";"2026-07-22T10:04:13.3964351-04:00"
"6";"4D6937E8D7D58CD1D9224A11E48549A08505836EFABD6FED17A67D42466265BB";"4D6937E8";"DD";"persistent";"observed";"PASS";"Sim. O PoC detectou o Pin no baseline e confirmou a ocultacao com -dd.";"baseline: ""PEB.NtGlobalFlag"" | Ocorrências: | Resumo de ocorrências: | IsDebuggerPresent          : 1 | CheckRemoteDebuggerPresent : 0 | ProcessDebugPort           : 0 | ProcessDebugObjectHandle   : 0 | PEB.BeingDebugged...";"True";"True";"VALID";"False";"True";"10,13";"10,128";;;"10,117";"10,094";"-0,384";"670,721";"667,672";"-1,77";;"benchmark-benign-dd-4D6937E8-20260722-100751.json";"2026-07-22T10:07:51.3649268-04:00"
"6";"4D6937E8D7D58CD1D9224A11E48549A08505836EFABD6FED17A67D42466265BB";"4D6937E8";"DP";"persistent";"observed";"PASS";"Sim. O PoC detectou o Pin no baseline e confirmou a ocultacao com -dp.";"baseline: Ocorrências: | Resumo de ocorrências: | pin.exe     : 3 | pinvm.dll   : 0 | pinipc.dll  : 0 | TOMWare.dll : 0 | Alerta: mais de 0 ocorrências de ""pin.exe"" encontradas!; -dp: Ocorrências: | Resumo de ocorrências...";"True";"True";"VALID";"False";"True";"10,134";"10,138";;;"10,094";"9,469";"-5,985";"643,539";"580,106";"-9,855";;"benchmark-benign-dp-4D6937E8-20260722-101130.json";"2026-07-22T10:11:30.4745588-04:00"
"7";"52479B2B16932606F333968844A11E318764280E9D8992FEAD86DF6EED516AB9";"52479B2B";"DE";"short-lived";"complete";"PASS";"Sim. O PoC detectou o Pin no baseline e confirmou a ocultacao com -de.";"baseline: ""PIN_CRT_TZDATA=C:\TOMWare\pin/extras/crt/tzdata"" | ""PIN_CRT_TZDATA=C:\TOMWare\pin/extras/crt/tzdata"" (_dupenv_s) | Ocorrências: | Resumo de ocorrências: | PIN_APP_LD_LIBRARY_PATH : 0 | PIN_CRT_TZDATA          ...";"True";"True";"VALID";"True";"False";"0,128";"0,129";"-0,002";"-1,157";;;;;;;;"benchmark-benign-de-52479B2B-20260722-135423.json";"2026-07-22T13:54:23.4984283-04:00"
"7";"52479B2B16932606F333968844A11E318764280E9D8992FEAD86DF6EED516AB9";"52479B2B";"DM";"short-lived";"complete";"PASS";"Sim. O PoC detectou o Pin no baseline e confirmou a ocultacao com -dm.";"PIN_: baseline=212, -dm=0; pin.exe: baseline=11, -dm=0; pinvm.dll: baseline=14, -dm=0; pinipc.dll: baseline=18, -dm=0";"True";"True";"VALID";"True";"False";"0,118";"0,12";"0,005";"4,463";;;;;;;;"benchmark-benign-dm-52479B2B-20260722-135519.json";"2026-07-22T13:55:19.5297261-04:00"
"7";"52479B2B16932606F333968844A11E318764280E9D8992FEAD86DF6EED516AB9";"52479B2B";"DO";"short-lived";"complete";"PASS";"Sim. O PoC detectou o Pin no baseline e confirmou a ocultacao com -do.";"baseline: Sleep invocado | Ticks + Latencia: 3218.89, Limite: 3000 | *** Overhead anomalo / possivel DBI ***; -do: Sleep invocado | Ticks + Latencia: 2078.85, Limite: 3000 | OK - nenhuma anomalia";"True";"True";"VALID";"True";"False";"0,118";"0,114";"-0,004";"-3,312";;;;;;;"2";"benchmark-benign-do-52479B2B-20260722-140004.json";"2026-07-22T14:00:04.5457512-04:00"
"7";"52479B2B16932606F333968844A11E318764280E9D8992FEAD86DF6EED516AB9";"52479B2B";"DD";"short-lived";"complete";"PASS";"Sim. O PoC detectou o Pin no baseline e confirmou a ocultacao com -dd.";"baseline: ""PEB.NtGlobalFlag"" | Ocorrências: | Resumo de ocorrências: | IsDebuggerPresent          : 1 | CheckRemoteDebuggerPresent : 0 | ProcessDebugPort           : 0 | ProcessDebugObjectHandle   : 0 | PEB.BeingDebugged...";"True";"True";"VALID";"True";"False";"0,126";"0,129";"-0,001";"-0,427";;;;;;;;"benchmark-benign-dd-52479B2B-20260722-135649.json";"2026-07-22T13:56:49.3581925-04:00"
"7";"52479B2B16932606F333968844A11E318764280E9D8992FEAD86DF6EED516AB9";"52479B2B";"DP";"short-lived";"complete";"PASS";"Sim. O PoC detectou o Pin no baseline e confirmou a ocultacao com -dp.";"baseline: Ocorrências: | Resumo de ocorrências: | pin.exe     : 3 | pinvm.dll   : 0 | pinipc.dll  : 0 | TOMWare.dll : 0 | Alerta: mais de 0 ocorrências de ""pin.exe"" encontradas!; -dp: Ocorrências: | Resumo de ocorrências...";"True";"True";"INCONCLUSIVE";"False";"False";"0,122";"0,122";;;;;;;;;;"benchmark-benign-dp-52479B2B-20260722-135700.json";"2026-07-22T13:57:00.7800028-04:00"
"8";"6ED8D67BBDCE80D1B2A5FD3209CBAEA66B9B893F9412DD1E9FF03829F108400D";"6ED8D67B";"DE";"short-lived";"complete";"PASS";"Sim. O PoC detectou o Pin no baseline e confirmou a ocultacao com -de.";"baseline: ""PIN_CRT_TZDATA=C:\TOMWare\pin/extras/crt/tzdata"" | ""PIN_CRT_TZDATA=C:\TOMWare\pin/extras/crt/tzdata"" (_dupenv_s) | Ocorrências: | Resumo de ocorrências: | PIN_APP_LD_LIBRARY_PATH : 0 | PIN_CRT_TZDATA          ...";"True";"True";"VALID";"True";"False";"0,099";"0,096";"-0,002";"-2,422";;;;;;;;"benchmark-benign-de-6ED8D67B-20260722-103317.json";"2026-07-22T10:33:17.2288692-04:00"
"8";"6ED8D67BBDCE80D1B2A5FD3209CBAEA66B9B893F9412DD1E9FF03829F108400D";"6ED8D67B";"DM";"short-lived";"complete";"PASS";"Sim. O PoC detectou o Pin no baseline e confirmou a ocultacao com -dm.";"PIN_: baseline=212, -dm=0; pin.exe: baseline=11, -dm=0; pinvm.dll: baseline=14, -dm=0; pinipc.dll: baseline=18, -dm=0";"True";"True";"VALID";"True";"False";"0,104";"0,098";"-0,003";"-3,077";;;;;;;;"benchmark-benign-dm-6ED8D67B-20260722-103410.json";"2026-07-22T10:34:10.9317511-04:00"
"8";"6ED8D67BBDCE80D1B2A5FD3209CBAEA66B9B893F9412DD1E9FF03829F108400D";"6ED8D67B";"DO";"short-lived";"complete";"PASS";"Sim. O PoC detectou o Pin no baseline e confirmou a ocultacao com -do.";"baseline: Sleep invocado | Ticks + Latencia: 3317.54, Limite: 3000 | *** Overhead anomalo / possivel DBI ***; -do: Sleep invocado | Ticks + Latencia: 2106.24, Limite: 3000 | OK - nenhuma anomalia";"True";"True";"VALID";"True";"False";"0,106";"0,11";"-0,001";"-0,32";;;;;;;"1";"benchmark-benign-do-6ED8D67B-20260722-103528.json";"2026-07-22T10:35:29.1036225-04:00"
"8";"6ED8D67BBDCE80D1B2A5FD3209CBAEA66B9B893F9412DD1E9FF03829F108400D";"6ED8D67B";"DD";"short-lived";"complete";"PASS";"Sim. O PoC detectou o Pin no baseline e confirmou a ocultacao com -dd.";"baseline: ""PEB.NtGlobalFlag"" | Ocorrências: | Resumo de ocorrências: | IsDebuggerPresent          : 1 | CheckRemoteDebuggerPresent : 0 | ProcessDebugPort           : 0 | ProcessDebugObjectHandle   : 0 | PEB.BeingDebugged...";"True";"True";"VALID";"True";"False";"0,116";"0,122";"0,004";"3,888";;;;;;;;"benchmark-benign-dd-6ED8D67B-20260722-103537.json";"2026-07-22T10:35:37.8534200-04:00"
"8";"6ED8D67BBDCE80D1B2A5FD3209CBAEA66B9B893F9412DD1E9FF03829F108400D";"6ED8D67B";"DP";"short-lived";"complete";"PASS";"Sim. O PoC detectou o Pin no baseline e confirmou a ocultacao com -dp.";"baseline: Ocorrências: | Resumo de ocorrências: | pin.exe     : 3 | pinvm.dll   : 0 | pinipc.dll  : 0 | TOMWare.dll : 0 | Alerta: mais de 0 ocorrências de ""pin.exe"" encontradas!; -dp: Ocorrências: | Resumo de ocorrências...";"True";"True";"INCONCLUSIVE";"False";"False";"0,11";"0,104";;;;;;;;;;"benchmark-benign-dp-6ED8D67B-20260722-103548.json";"2026-07-22T10:35:48.1662879-04:00"
"9";"78BA41F0A3B879F1E0B104831987DC2C61D3195A73D672C3FA22C345CDB6D870";"78BA41F0";"DE";"short-lived";"complete";"PASS";"Sim. O PoC detectou o Pin no baseline e confirmou a ocultacao com -de.";"baseline: ""PIN_CRT_TZDATA=C:\TOMWare\pin/extras/crt/tzdata"" | ""PIN_CRT_TZDATA=C:\TOMWare\pin/extras/crt/tzdata"" (_dupenv_s) | Ocorrências: | Resumo de ocorrências: | PIN_APP_LD_LIBRARY_PATH : 0 | PIN_CRT_TZDATA          ...";"True";"True";"VALID";"True";"False";"0,517";"0,437";"-0,082";"-13,39";"0,578";;;"17,875";;;;"benchmark-benign-de-78BA41F0-20260722-123142.json";"2026-07-22T12:31:46.5471571-04:00"
"9";"78BA41F0A3B879F1E0B104831987DC2C61D3195A73D672C3FA22C345CDB6D870";"78BA41F0";"DM";"short-lived";"complete";"PASS";"Sim. O PoC detectou o Pin no baseline e confirmou a ocultacao com -dm.";"PIN_: baseline=212, -dm=0; pin.exe: baseline=11, -dm=0; pinvm.dll: baseline=14, -dm=0; pinipc.dll: baseline=18, -dm=0";"True";"True";"VALID";"True";"False";"0,128";"0,118";"-0,01";"-7,379";;;;;;;;"benchmark-benign-dm-78BA41F0-20260722-123454.json";"2026-07-22T12:34:54.4978945-04:00"
"9";"78BA41F0A3B879F1E0B104831987DC2C61D3195A73D672C3FA22C345CDB6D870";"78BA41F0";"DO";"short-lived";"complete";"PASS";"Sim. O PoC detectou o Pin no baseline e confirmou a ocultacao com -do.";"baseline: Sleep invocado | Ticks + Latencia: 3028.28, Limite: 3000 | *** Overhead anomalo / possivel DBI ***; -do: Sleep invocado | Ticks + Latencia: 2156.93, Limite: 3000 | OK - nenhuma anomalia";"True";"True";"VALID";"True";"False";"0,116";"0,13";"-0,004";"-3,441";;;;;;;"1";"benchmark-benign-do-78BA41F0-20260722-123625.json";"2026-07-22T12:36:25.1851157-04:00"
"9";"78BA41F0A3B879F1E0B104831987DC2C61D3195A73D672C3FA22C345CDB6D870";"78BA41F0";"DD";"short-lived";"complete";"PASS";"Sim. O PoC detectou o Pin no baseline e confirmou a ocultacao com -dd.";"baseline: ""PEB.NtGlobalFlag"" | Ocorrências: | Resumo de ocorrências: | IsDebuggerPresent          : 1 | CheckRemoteDebuggerPresent : 0 | ProcessDebugPort           : 0 | ProcessDebugObjectHandle   : 0 | PEB.BeingDebugged...";"True";"True";"VALID";"True";"False";"0,144";"0,128";"-0,007";"-4,634";;;;;;;;"benchmark-benign-dd-78BA41F0-20260722-123635.json";"2026-07-22T12:36:35.1855588-04:00"
"9";"78BA41F0A3B879F1E0B104831987DC2C61D3195A73D672C3FA22C345CDB6D870";"78BA41F0";"DP";"short-lived";"complete";"PASS";"Sim. O PoC detectou o Pin no baseline e confirmou a ocultacao com -dp.";"baseline: Ocorrências: | Resumo de ocorrências: | pin.exe     : 3 | pinvm.dll   : 0 | pinipc.dll  : 0 | TOMWare.dll : 0 | Alerta: mais de 0 ocorrências de ""pin.exe"" encontradas!; -dp: Ocorrências: | Resumo de ocorrências...";"True";"True";"INCONCLUSIVE";"False";"False";"0,124";"0,122";;;;;;;;;;"benchmark-benign-dp-78BA41F0-20260722-123646.json";"2026-07-22T12:36:46.8882901-04:00"
"10";"7DF616087B4646DD03C6C80FE464141B9BED47E13006E94BD913A8909F007B27";"7DF61608";"DE";"short-lived";"complete";"PASS";"Sim. O PoC detectou o Pin no baseline e confirmou a ocultacao com -de.";"baseline: ""PIN_CRT_TZDATA=C:\TOMWare\pin/extras/crt/tzdata"" | ""PIN_CRT_TZDATA=C:\TOMWare\pin/extras/crt/tzdata"" (_dupenv_s) | Ocorrências: | Resumo de ocorrências: | PIN_APP_LD_LIBRARY_PATH : 0 | PIN_CRT_TZDATA          ...";"True";"True";"VALID";"True";"False";"0,116";"0,112";"0,004";"3,245";;;;;;;;"benchmark-benign-de-7DF61608-20260722-105705.json";"2026-07-22T10:57:05.9864791-04:00"
"10";"7DF616087B4646DD03C6C80FE464141B9BED47E13006E94BD913A8909F007B27";"7DF61608";"DM";"short-lived";"complete";"PASS";"Sim. O PoC detectou o Pin no baseline e confirmou a ocultacao com -dm.";"PIN_: baseline=212, -dm=0; pin.exe: baseline=11, -dm=0; pinvm.dll: baseline=14, -dm=0; pinipc.dll: baseline=18, -dm=0";"True";"True";"VALID";"True";"False";"0,122";"0,117";"-0,013";"-10,725";;;;;;;;"benchmark-benign-dm-7DF61608-20260722-105807.json";"2026-07-22T10:58:07.6266814-04:00"
"10";"7DF616087B4646DD03C6C80FE464141B9BED47E13006E94BD913A8909F007B27";"7DF61608";"DO";"short-lived";"complete";"PASS";"Sim. O PoC detectou o Pin no baseline e confirmou a ocultacao com -do.";"baseline: Sleep invocado | Ticks + Latencia: 3245.53, Limite: 3000 | *** Overhead anomalo / possivel DBI ***; -do: Sleep invocado | Ticks + Latencia: 2110.59, Limite: 3000 | OK - nenhuma anomalia";"True";"True";"VALID";"True";"False";"0,116";"0,11";"-0,009";"-7,875";;;;;;;"1";"benchmark-benign-do-7DF61608-20260722-105931.json";"2026-07-22T10:59:31.1894741-04:00"
"10";"7DF616087B4646DD03C6C80FE464141B9BED47E13006E94BD913A8909F007B27";"7DF61608";"DD";"short-lived";"complete";"PASS";"Sim. O PoC detectou o Pin no baseline e confirmou a ocultacao com -dd.";"baseline: ""PEB.NtGlobalFlag"" | Ocorrências: | Resumo de ocorrências: | IsDebuggerPresent          : 1 | CheckRemoteDebuggerPresent : 0 | ProcessDebugPort           : 0 | ProcessDebugObjectHandle   : 0 | PEB.BeingDebugged...";"True";"True";"VALID";"True";"False";"0,116";"0,122";"0,002";"1,336";;;;;;;;"benchmark-benign-dd-7DF61608-20260722-105939.json";"2026-07-22T10:59:40.1114564-04:00"
"10";"7DF616087B4646DD03C6C80FE464141B9BED47E13006E94BD913A8909F007B27";"7DF61608";"DP";"short-lived";"complete";"PASS";"Sim. O PoC detectou o Pin no baseline e confirmou a ocultacao com -dp.";"baseline: Ocorrências: | Resumo de ocorrências: | pin.exe     : 3 | pinvm.dll   : 0 | pinipc.dll  : 0 | TOMWare.dll : 0 | Alerta: mais de 0 ocorrências de ""pin.exe"" encontradas!; -dp: Ocorrências: | Resumo de ocorrências...";"True";"True";"INCONCLUSIVE";"False";"False";"0,128";"0,116";;;;;;;;;;"benchmark-benign-dp-7DF61608-20260722-105952.json";"2026-07-22T10:59:52.2361691-04:00"
"11";"8C9E0494284C9E84BBF1F68FEF059B734973DB3D938E1964F19EE1358F5109BE";"8C9E0494";"DE";"short-lived";"complete";"PASS";"Sim. O PoC detectou o Pin no baseline e confirmou a ocultacao com -de.";"baseline: ""PIN_CRT_TZDATA=C:\TOMWare\pin/extras/crt/tzdata"" | ""PIN_CRT_TZDATA=C:\TOMWare\pin/extras/crt/tzdata"" (_dupenv_s) | Ocorrências: | Resumo de ocorrências: | PIN_APP_LD_LIBRARY_PATH : 0 | PIN_CRT_TZDATA          ...";"True";"True";"VALID";"True";"False";"0,105";"0,103";"-0,005";"-4,252";;;;;;;;"benchmark-benign-de-8C9E0494-20260722-110801.json";"2026-07-22T11:08:01.5668363-04:00"
"11";"8C9E0494284C9E84BBF1F68FEF059B734973DB3D938E1964F19EE1358F5109BE";"8C9E0494";"DM";"short-lived";"complete";"PASS";"Sim. O PoC detectou o Pin no baseline e confirmou a ocultacao com -dm.";"PIN_: baseline=212, -dm=0; pin.exe: baseline=11, -dm=0; pinvm.dll: baseline=14, -dm=0; pinipc.dll: baseline=18, -dm=0";"True";"True";"VALID";"True";"False";"0,106";"0,098";"-0,005";"-4,739";;;;;;;;"benchmark-benign-dm-8C9E0494-20260722-110857.json";"2026-07-22T11:08:58.1135327-04:00"
"11";"8C9E0494284C9E84BBF1F68FEF059B734973DB3D938E1964F19EE1358F5109BE";"8C9E0494";"DO";"short-lived";"complete";"PASS";"Sim. O PoC detectou o Pin no baseline e confirmou a ocultacao com -do.";"baseline: Sleep invocado | Ticks + Latencia: 3236.69, Limite: 3000 | *** Overhead anomalo / possivel DBI ***; -do: Sleep invocado | Ticks + Latencia: 2086.53, Limite: 3000 | OK - nenhuma anomalia";"True";"True";"VALID";"True";"False";"0,106";"0,111";"0,003";"2,847";;;;;;;"2";"benchmark-benign-do-8C9E0494-20260722-111343.json";"2026-07-22T11:13:43.7073956-04:00"
"11";"8C9E0494284C9E84BBF1F68FEF059B734973DB3D938E1964F19EE1358F5109BE";"8C9E0494";"DD";"short-lived";"complete";"PASS";"Sim. O PoC detectou o Pin no baseline e confirmou a ocultacao com -dd.";"baseline: ""PEB.NtGlobalFlag"" | Ocorrências: | Resumo de ocorrências: | IsDebuggerPresent          : 1 | CheckRemoteDebuggerPresent : 0 | ProcessDebugPort           : 0 | ProcessDebugObjectHandle   : 0 | PEB.BeingDebugged...";"True";"True";"VALID";"True";"False";"0,116";"0,115";"-0,002";"-1,836";;;;;;;;"benchmark-benign-dd-8C9E0494-20260722-111025.json";"2026-07-22T11:10:25.7542059-04:00"
"11";"8C9E0494284C9E84BBF1F68FEF059B734973DB3D938E1964F19EE1358F5109BE";"8C9E0494";"DP";"short-lived";"complete";"PASS";"Sim. O PoC detectou o Pin no baseline e confirmou a ocultacao com -dp.";"baseline: Ocorrências: | Resumo de ocorrências: | pin.exe     : 3 | pinvm.dll   : 0 | pinipc.dll  : 0 | TOMWare.dll : 0 | Alerta: mais de 0 ocorrências de ""pin.exe"" encontradas!; -dp: Ocorrências: | Resumo de ocorrências...";"True";"True";"INCONCLUSIVE";"False";"False";"0,11";"0,107";;;;;;;;;;"benchmark-benign-dp-8C9E0494-20260722-111036.json";"2026-07-22T11:10:36.6137938-04:00"
"12";"8F9BDDC4E34C1176342B1D6676BEB408D6CF5498A92647B43AEDBE760B20AB1D";"8F9BDDC4";"DE";"short-lived";"complete";"PASS";"Sim. O PoC detectou o Pin no baseline e confirmou a ocultacao com -de.";"baseline: ""PIN_CRT_TZDATA=C:\TOMWare\pin/extras/crt/tzdata"" | ""PIN_CRT_TZDATA=C:\TOMWare\pin/extras/crt/tzdata"" (_dupenv_s) | Ocorrências: | Resumo de ocorrências: | PIN_APP_LD_LIBRARY_PATH : 0 | PIN_CRT_TZDATA          ...";"True";"True";"VALID";"True";"False";"0,111";"0,105";"-0,004";"-4,412";;;;;;;;"benchmark-benign-de-8F9BDDC4-20260722-111914.json";"2026-07-22T11:19:14.7075417-04:00"
"12";"8F9BDDC4E34C1176342B1D6676BEB408D6CF5498A92647B43AEDBE760B20AB1D";"8F9BDDC4";"DM";"short-lived";"complete";"PASS";"Sim. O PoC detectou o Pin no baseline e confirmou a ocultacao com -dm.";"PIN_: baseline=212, -dm=0; pin.exe: baseline=11, -dm=0; pinvm.dll: baseline=14, -dm=0; pinipc.dll: baseline=18, -dm=0";"True";"True";"VALID";"True";"False";"0,107";"0,102";"-0,007";"-5,887";;;;;;;;"benchmark-benign-dm-8F9BDDC4-20260722-112010.json";"2026-07-22T11:20:10.9262403-04:00"
"12";"8F9BDDC4E34C1176342B1D6676BEB408D6CF5498A92647B43AEDBE760B20AB1D";"8F9BDDC4";"DO";"short-lived";"complete";"PASS";"Sim. O PoC detectou o Pin no baseline e confirmou a ocultacao com -do.";"baseline: Sleep invocado | Ticks + Latencia: 3177.15, Limite: 3000 | *** Overhead anomalo / possivel DBI ***; -do: Sleep invocado | Ticks + Latencia: 2109.7, Limite: 3000 | OK - nenhuma anomalia";"True";"True";"VALID";"True";"False";"0,11";"0,112";"0,001";"0,459";;;;;;;"1";"benchmark-benign-do-8F9BDDC4-20260722-112128.json";"2026-07-22T11:21:28.9577856-04:00"
"12";"8F9BDDC4E34C1176342B1D6676BEB408D6CF5498A92647B43AEDBE760B20AB1D";"8F9BDDC4";"DD";"short-lived";"complete";"PASS";"Sim. O PoC detectou o Pin no baseline e confirmou a ocultacao com -dd.";"baseline: ""PEB.NtGlobalFlag"" | Ocorrências: | Resumo de ocorrências: | IsDebuggerPresent          : 1 | CheckRemoteDebuggerPresent : 0 | ProcessDebugPort           : 0 | ProcessDebugObjectHandle   : 0 | PEB.BeingDebugged...";"True";"True";"VALID";"True";"False";"0,113";"0,11";"-0,001";"-0,994";;;;;;;;"benchmark-benign-dd-8F9BDDC4-20260722-112137.json";"2026-07-22T11:21:37.8014227-04:00"
"12";"8F9BDDC4E34C1176342B1D6676BEB408D6CF5498A92647B43AEDBE760B20AB1D";"8F9BDDC4";"DP";"short-lived";"complete";"PASS";"Sim. O PoC detectou o Pin no baseline e confirmou a ocultacao com -dp.";"baseline: Ocorrências: | Resumo de ocorrências: | pin.exe     : 3 | pinvm.dll   : 0 | pinipc.dll  : 0 | TOMWare.dll : 0 | Alerta: mais de 0 ocorrências de ""pin.exe"" encontradas!; -dp: Ocorrências: | Resumo de ocorrências...";"True";"True";"INCONCLUSIVE";"False";"False";"0,108";"0,11";;;;;;;;;;"benchmark-benign-dp-8F9BDDC4-20260722-112148.json";"2026-07-22T11:21:49.0360629-04:00"
"13";"B350FAC81533F02981DC2176ED17163177D92D9405758EAFB17E59F6821BDB96";"B350FAC8";"DE";"short-lived";"complete";"PASS";"Sim. O PoC detectou o Pin no baseline e confirmou a ocultacao com -de.";"baseline: ""PIN_CRT_TZDATA=C:\TOMWare\pin/extras/crt/tzdata"" | ""PIN_CRT_TZDATA=C:\TOMWare\pin/extras/crt/tzdata"" (_dupenv_s) | Ocorrências: | Resumo de ocorrências: | PIN_APP_LD_LIBRARY_PATH : 0 | PIN_CRT_TZDATA          ...";"True";"True";"VALID";"True";"False";"0,124";"0,126";"-0,001";"-0,293";;;;;;;;"benchmark-benign-de-B350FAC8-20260722-140349.json";"2026-07-22T14:03:49.6819886-04:00"
"13";"B350FAC81533F02981DC2176ED17163177D92D9405758EAFB17E59F6821BDB96";"B350FAC8";"DM";"short-lived";"complete";"PASS";"Sim. O PoC detectou o Pin no baseline e confirmou a ocultacao com -dm.";"PIN_: baseline=212, -dm=0; pin.exe: baseline=11, -dm=0; pinvm.dll: baseline=14, -dm=0; pinipc.dll: baseline=18, -dm=0";"True";"True";"VALID";"True";"False";"0,116";"0,119";"0,001";"1,318";;;;;;;;"benchmark-benign-dm-B350FAC8-20260722-140443.json";"2026-07-22T14:04:43.4007806-04:00"
"13";"B350FAC81533F02981DC2176ED17163177D92D9405758EAFB17E59F6821BDB96";"B350FAC8";"DO";"short-lived";"complete";"PASS";"Sim. O PoC detectou o Pin no baseline e confirmou a ocultacao com -do.";"baseline: Sleep invocado | Ticks + Latencia: 3194.03, Limite: 3000 | *** Overhead anomalo / possivel DBI ***; -do: Sleep invocado | Ticks + Latencia: 2092.67, Limite: 3000 | OK - nenhuma anomalia";"True";"True";"VALID";"True";"False";"0,117";"0,116";"0,001";"0,506";;;;;;;"3";"benchmark-benign-do-B350FAC8-20260722-141211.json";"2026-07-22T14:12:12.0099805-04:00"
"13";"B350FAC81533F02981DC2176ED17163177D92D9405758EAFB17E59F6821BDB96";"B350FAC8";"DD";"short-lived";"complete";"PASS";"Sim. O PoC detectou o Pin no baseline e confirmou a ocultacao com -dd.";"baseline: ""PEB.NtGlobalFlag"" | Ocorrências: | Resumo de ocorrências: | IsDebuggerPresent          : 1 | CheckRemoteDebuggerPresent : 0 | ProcessDebugPort           : 0 | ProcessDebugObjectHandle   : 0 | PEB.BeingDebugged...";"True";"True";"VALID";"True";"False";"0,12";"0,115";"-0,004";"-3,306";;;;;;;;"benchmark-benign-dd-B350FAC8-20260722-140603.json";"2026-07-22T14:06:03.5727720-04:00"
"13";"B350FAC81533F02981DC2176ED17163177D92D9405758EAFB17E59F6821BDB96";"B350FAC8";"DP";"short-lived";"complete";"PASS";"Sim. O PoC detectou o Pin no baseline e confirmou a ocultacao com -dp.";"baseline: Ocorrências: | Resumo de ocorrências: | pin.exe     : 3 | pinvm.dll   : 0 | pinipc.dll  : 0 | TOMWare.dll : 0 | Alerta: mais de 0 ocorrências de ""pin.exe"" encontradas!; -dp: Ocorrências: | Resumo de ocorrências...";"True";"True";"INCONCLUSIVE";"False";"False";"0,118";"0,126";;;;;;;;;;"benchmark-benign-dp-B350FAC8-20260722-140613.json";"2026-07-22T14:06:13.8542608-04:00"
"14";"CC2A137784CD4B1A5ABC1D04208EF7E8DC5FD41D34F7CE2F5931EBD9D2FE2F96";"CC2A1377";"DE";"persistent";"observed";"PASS";"Sim. O PoC detectou o Pin no baseline e confirmou a ocultacao com -de.";"baseline: ""PIN_CRT_TZDATA=C:\TOMWare\pin/extras/crt/tzdata"" | ""PIN_CRT_TZDATA=C:\TOMWare\pin/extras/crt/tzdata"" (_dupenv_s) | Ocorrências: | Resumo de ocorrências: | PIN_APP_LD_LIBRARY_PATH : 0 | PIN_CRT_TZDATA          ...";"True";"True";"VALID";"False";"True";"10,16";"10,153";;;"10,164";"10,14";"0,144";"557,603";"560,459";"0,804";;"benchmark-benign-de-CC2A1377-20260722-141851.json";"2026-07-22T14:18:51.9467978-04:00"
"14";"CC2A137784CD4B1A5ABC1D04208EF7E8DC5FD41D34F7CE2F5931EBD9D2FE2F96";"CC2A1377";"DM";"persistent";"observed";"PASS";"Sim. O PoC detectou o Pin no baseline e confirmou a ocultacao com -dm.";"PIN_: baseline=212, -dm=0; pin.exe: baseline=11, -dm=0; pinvm.dll: baseline=14, -dm=0; pinipc.dll: baseline=18, -dm=0";"True";"True";"VALID";"False";"True";"10,136";"10,149";;;"10,188";"10,25";"0,772";"558,496";"540,07";"-3,578";;"benchmark-benign-dm-CC2A1377-20260722-142318.json";"2026-07-22T14:23:18.8375577-04:00"
"14";"CC2A137784CD4B1A5ABC1D04208EF7E8DC5FD41D34F7CE2F5931EBD9D2FE2F96";"CC2A1377";"DO";"persistent";"observed";"PASS";"Sim. O PoC detectou o Pin no baseline e confirmou a ocultacao com -do.";"baseline: Sleep invocado | Ticks + Latencia: 3301.94, Limite: 3000 | *** Overhead anomalo / possivel DBI ***; -do: Sleep invocado | Ticks + Latencia: 2078.53, Limite: 3000 | OK - nenhuma anomalia";"True";"True";"VALID";"False";"True";"10,124";"10,12";;;"10,156";"5,414";"-46,961";"562,91";"68,582";"-85,517";"3";"benchmark-benign-do-CC2A1377-20260722-150137.json";"2026-07-22T15:01:38.0978335-04:00"
"14";"CC2A137784CD4B1A5ABC1D04208EF7E8DC5FD41D34F7CE2F5931EBD9D2FE2F96";"CC2A1377";"DD";"persistent";"observed";"PASS";"Sim. O PoC detectou o Pin no baseline e confirmou a ocultacao com -dd.";"baseline: ""PEB.NtGlobalFlag"" | Ocorrências: | Resumo de ocorrências: | IsDebuggerPresent          : 1 | CheckRemoteDebuggerPresent : 0 | ProcessDebugPort           : 0 | ProcessDebugObjectHandle   : 0 | PEB.BeingDebugged...";"True";"True";"VALID";"False";"True";"10,15";"10,186";;;"10,18";"10,164";"-0,385";"556,594";"560,048";"1,894";;"benchmark-benign-dd-CC2A1377-20260722-143201.json";"2026-07-22T14:32:01.9105651-04:00"
"14";"CC2A137784CD4B1A5ABC1D04208EF7E8DC5FD41D34F7CE2F5931EBD9D2FE2F96";"CC2A1377";"DP";"persistent";"observed";"PASS";"Sim. O PoC detectou o Pin no baseline e confirmou a ocultacao com -dp.";"baseline: Ocorrências: | Resumo de ocorrências: | pin.exe     : 3 | pinvm.dll   : 0 | pinipc.dll  : 0 | TOMWare.dll : 0 | Alerta: mais de 0 ocorrências de ""pin.exe"" encontradas!; -dp: Ocorrências: | Resumo de ocorrências...";"True";"True";"VALID";"False";"True";"10,177";"10,188";;;"10,234";"9,547";"-7,164";"436,726";"371,114";"-14,064";;"benchmark-benign-dp-CC2A1377-20260722-143543.json";"2026-07-22T14:35:43.9261838-04:00"
"15";"D3DC7512CE75DB33B2C3063FA99245E9CA9FE3B086462F7629BD7B7DF59A092B";"D3DC7512";"DE";"short-lived";"complete";"PASS";"Sim. O PoC detectou o Pin no baseline e confirmou a ocultacao com -de.";"baseline: ""PIN_CRT_TZDATA=C:\TOMWare\pin/extras/crt/tzdata"" | ""PIN_CRT_TZDATA=C:\TOMWare\pin/extras/crt/tzdata"" (_dupenv_s) | Ocorrências: | Resumo de ocorrências: | PIN_APP_LD_LIBRARY_PATH : 0 | PIN_CRT_TZDATA          ...";"True";"True";"VALID";"True";"False";"0,121";"0,106";"-0,015";"-12,012";;;;;;;;"benchmark-benign-de-D3DC7512-20260722-150616.json";"2026-07-22T15:06:16.7780490-04:00"
"15";"D3DC7512CE75DB33B2C3063FA99245E9CA9FE3B086462F7629BD7B7DF59A092B";"D3DC7512";"DM";"short-lived";"complete";"PASS";"Sim. O PoC detectou o Pin no baseline e confirmou a ocultacao com -dm.";"PIN_: baseline=212, -dm=0; pin.exe: baseline=11, -dm=0; pinvm.dll: baseline=14, -dm=0; pinipc.dll: baseline=18, -dm=0";"True";"True";"VALID";"True";"False";"0,097";"0,1";"0,002";"1,585";;;;;;;;"benchmark-benign-dm-D3DC7512-20260722-150708.json";"2026-07-22T15:07:09.0594639-04:00"
"15";"D3DC7512CE75DB33B2C3063FA99245E9CA9FE3B086462F7629BD7B7DF59A092B";"D3DC7512";"DO";"short-lived";"complete";"PASS";"Sim. O PoC detectou o Pin no baseline e confirmou a ocultacao com -do.";"baseline: Sleep invocado | Ticks + Latencia: 3177.6, Limite: 3000 | *** Overhead anomalo / possivel DBI ***; -do: Sleep invocado | Ticks + Latencia: 2106.82, Limite: 3000 | OK - nenhuma anomalia";"True";"True";"VALID";"True";"False";"0,101";"0,1";"-0,004";"-3,652";;;;;;;"1";"benchmark-benign-do-D3DC7512-20260722-150825.json";"2026-07-22T15:08:25.2622388-04:00"
"15";"D3DC7512CE75DB33B2C3063FA99245E9CA9FE3B086462F7629BD7B7DF59A092B";"D3DC7512";"DD";"short-lived";"complete";"PASS";"Sim. O PoC detectou o Pin no baseline e confirmou a ocultacao com -dd.";"baseline: ""PEB.NtGlobalFlag"" | Ocorrências: | Resumo de ocorrências: | IsDebuggerPresent          : 1 | CheckRemoteDebuggerPresent : 0 | ProcessDebugPort           : 0 | ProcessDebugObjectHandle   : 0 | PEB.BeingDebugged...";"True";"True";"VALID";"True";"False";"0,098";"0,098";"-0,002";"-2,105";;;;;;;;"benchmark-benign-dd-D3DC7512-20260722-150832.json";"2026-07-22T15:08:32.8246171-04:00"
"15";"D3DC7512CE75DB33B2C3063FA99245E9CA9FE3B086462F7629BD7B7DF59A092B";"D3DC7512";"DP";"short-lived";"complete";"PASS";"Sim. O PoC detectou o Pin no baseline e confirmou a ocultacao com -dp.";"baseline: Ocorrências: | Resumo de ocorrências: | pin.exe     : 3 | pinvm.dll   : 0 | pinipc.dll  : 0 | TOMWare.dll : 0 | Alerta: mais de 0 ocorrências de ""pin.exe"" encontradas!; -dp: Ocorrências: | Resumo de ocorrências...";"True";"True";"INCONCLUSIVE";"False";"False";"0,106";"0,115";;;;;;;;;;"benchmark-benign-dp-D3DC7512-20260722-150842.json";"2026-07-22T15:08:42.4340710-04:00"
"16";"DACBE8CB72DD746539792A50E84965FEFEF73FEAA07B5DCD111CC963F68DD548";"DACBE8CB";"DE";"persistent";"observed";"PASS";"Sim. O PoC detectou o Pin no baseline e confirmou a ocultacao com -de.";"baseline: ""PIN_CRT_TZDATA=C:\TOMWare\pin/extras/crt/tzdata"" | ""PIN_CRT_TZDATA=C:\TOMWare\pin/extras/crt/tzdata"" (_dupenv_s) | Ocorrências: | Resumo de ocorrências: | PIN_APP_LD_LIBRARY_PATH : 0 | PIN_CRT_TZDATA          ...";"True";"True";"VALID";"False";"True";"10,132";"10,14";;;"10,062";"10,11";"0";"662,656";"656,363";"-1,208";;"benchmark-benign-de-DACBE8CB-20260722-151537.json";"2026-07-22T15:15:37.5414434-04:00"
"16";"DACBE8CB72DD746539792A50E84965FEFEF73FEAA07B5DCD111CC963F68DD548";"DACBE8CB";"DM";"persistent";"observed";"PASS";"Sim. O PoC detectou o Pin no baseline e confirmou a ocultacao com -dm.";"PIN_: baseline=212, -dm=0; pin.exe: baseline=11, -dm=0; pinvm.dll: baseline=14, -dm=0; pinipc.dll: baseline=18, -dm=0";"True";"True";"VALID";"False";"True";"10,132";"10,112";;;"10,062";"10,07";"0";"637,777";"628,931";"-0,282";;"benchmark-benign-dm-DACBE8CB-20260722-152004.json";"2026-07-22T15:20:04.1666781-04:00"
"16";"DACBE8CB72DD746539792A50E84965FEFEF73FEAA07B5DCD111CC963F68DD548";"DACBE8CB";"DO";"persistent";"observed";"PASS";"Sim. O PoC detectou o Pin no baseline e confirmou a ocultacao com -do.";"baseline: Sleep invocado | Ticks + Latencia: 3337.96, Limite: 3000 | *** Overhead anomalo / possivel DBI ***; -do: Sleep invocado | Ticks + Latencia: 2100.16, Limite: 3000 | OK - nenhuma anomalia";"True";"True";"VALID";"False";"True";"10,13";"10,133";;;"10,062";"7,367";"-26,903";"615,756";"68,74";"-88,773";"2";"benchmark-benign-do-DACBE8CB-20260722-153840.json";"2026-07-22T15:38:40.7829431-04:00"
"16";"DACBE8CB72DD746539792A50E84965FEFEF73FEAA07B5DCD111CC963F68DD548";"DACBE8CB";"DD";"persistent";"observed";"PASS";"Sim. O PoC detectou o Pin no baseline e confirmou a ocultacao com -dd.";"baseline: ""PEB.NtGlobalFlag"" | Ocorrências: | Resumo de ocorrências: | IsDebuggerPresent          : 1 | CheckRemoteDebuggerPresent : 0 | ProcessDebugPort           : 0 | ProcessDebugObjectHandle   : 0 | PEB.BeingDebugged...";"True";"True";"VALID";"False";"True";"10,125";"10,129";;;"10,047";"10,086";"0,159";"631,57";"625,787";"-0,159";;"benchmark-benign-dd-DACBE8CB-20260722-152831.json";"2026-07-22T15:28:32.1265277-04:00"
"16";"DACBE8CB72DD746539792A50E84965FEFEF73FEAA07B5DCD111CC963F68DD548";"DACBE8CB";"DP";"persistent";"observed";"PASS";"Sim. O PoC detectou o Pin no baseline e confirmou a ocultacao com -dp.";"baseline: Ocorrências: | Resumo de ocorrências: | pin.exe     : 3 | pinvm.dll   : 0 | pinipc.dll  : 0 | TOMWare.dll : 0 | Alerta: mais de 0 ocorrências de ""pin.exe"" encontradas!; -dp: Ocorrências: | Resumo de ocorrências...";"True";"True";"VALID";"False";"True";"10,132";"10,13";;;"10,078";"9,211";"-7,313";"567,918";"515,777";"-10,139";;"benchmark-benign-dp-DACBE8CB-20260722-153211.json";"2026-07-22T15:32:11.9388165-04:00"
"17";"FAEC71CBEC895076A56FEF148474EF9E32DEC8B4FB13DB771A71CB205BE2665F";"FAEC71CB";"DE";"persistent";"observed";"PASS";"Sim. O PoC detectou o Pin no baseline e confirmou a ocultacao com -de.";"baseline: ""PIN_CRT_TZDATA=C:\TOMWare\pin/extras/crt/tzdata"" | ""PIN_CRT_TZDATA=C:\TOMWare\pin/extras/crt/tzdata"" (_dupenv_s) | Ocorrências: | Resumo de ocorrências: | PIN_APP_LD_LIBRARY_PATH : 0 | PIN_CRT_TZDATA          ...";"True";"True";"VALID";"False";"True";"10,128";"10,133";;;"10,125";"10,156";"0,153";"596,24";"603,647";"-0,783";;"benchmark-benign-de-FAEC71CB-20260722-154653.json";"2026-07-22T15:46:53.4385321-04:00"
"17";"FAEC71CBEC895076A56FEF148474EF9E32DEC8B4FB13DB771A71CB205BE2665F";"FAEC71CB";"DM";"persistent";"observed";"PASS";"Sim. O PoC detectou o Pin no baseline e confirmou a ocultacao com -dm.";"PIN_: baseline=212, -dm=0; pin.exe: baseline=11, -dm=0; pinvm.dll: baseline=14, -dm=0; pinipc.dll: baseline=18, -dm=0";"True";"True";"VALID";"False";"True";"10,105";"10,117";;;"10,094";"10,125";"0,234";"574,434";"559,436";"-3,096";;"benchmark-benign-dm-FAEC71CB-20260722-155117.json";"2026-07-22T15:51:17.9383857-04:00"
"17";"FAEC71CBEC895076A56FEF148474EF9E32DEC8B4FB13DB771A71CB205BE2665F";"FAEC71CB";"DO";"persistent";"observed";"PASS";"Sim. O PoC detectou o Pin no baseline e confirmou a ocultacao com -do.";"baseline: Sleep invocado | Ticks + Latencia: 3121.27, Limite: 3000 | *** Overhead anomalo / possivel DBI ***; -do: Sleep invocado | Ticks + Latencia: 2105.22, Limite: 3000 | OK - nenhuma anomalia";"True";"True";"VALID";"False";"True";"10,148";"10,106";;;"10,211";"6,008";"-41,012";"559,668";"67,94";"-87,255";"1";"benchmark-benign-do-FAEC71CB-20260722-155601.json";"2026-07-22T15:56:01.6909486-04:00"
"17";"FAEC71CBEC895076A56FEF148474EF9E32DEC8B4FB13DB771A71CB205BE2665F";"FAEC71CB";"DD";"persistent";"observed";"PASS";"Sim. O PoC detectou o Pin no baseline e confirmou a ocultacao com -dd.";"baseline: ""PEB.NtGlobalFlag"" | Ocorrências: | Resumo de ocorrências: | IsDebuggerPresent          : 1 | CheckRemoteDebuggerPresent : 0 | ProcessDebugPort           : 0 | ProcessDebugObjectHandle   : 0 | PEB.BeingDebugged...";"True";"True";"VALID";"False";"True";"10,126";"10,138";;;"10,156";"10,172";"0,231";"569,459";"574,873";"0,615";;"benchmark-benign-dd-FAEC71CB-20260722-155939.json";"2026-07-22T15:59:39.6129612-04:00"
"17";"FAEC71CBEC895076A56FEF148474EF9E32DEC8B4FB13DB771A71CB205BE2665F";"FAEC71CB";"DP";"persistent";"observed";"PASS";"Sim. O PoC detectou o Pin no baseline e confirmou a ocultacao com -dp.";"baseline: Ocorrências: | Resumo de ocorrências: | pin.exe     : 3 | pinvm.dll   : 0 | pinipc.dll  : 0 | TOMWare.dll : 0 | Alerta: mais de 0 ocorrências de ""pin.exe"" encontradas!; -dp: Ocorrências: | Resumo de ocorrências...";"True";"True";"VALID";"False";"True";"10,14";"10,142";;;"10,141";"9,461";"-7,201";"482,555";"427,949";"-12,762";;"benchmark-benign-dp-FAEC71CB-20260722-160319.json";"2026-07-22T16:03:19.4096167-04:00"
